{"info":{"_postman_id":"641a259e-d737-4f52-9c52-86f1fa6e722f","name":"SimpleKart Contract Tests","description":"API for an imaginary E-Commerce store to demonstrate API Builder capabilities in Postman\n\nContact Support:\n Name: Postman Team\n Email: simplekart@postman.com","schema":"https://schema.getpostman.com/json/collection/v2.1.0/collection.json"},"item":[{"name":"items","item":[{"name":"orders","item":[{"name":"Get orders from the database ","event":[{"listen":"test","script":{"id":"63bb7ae0-630e-4d86-a154-7909f72ed449","exec":["pm.test(\"status code should be 200\", function () {","    pm.response.to.have.status(200);","});","","var response=pm.response.json();","","var responseSchema={","    \"type\": \"array\",","    \"items\": {","        \"type\": \"object\",","        \"default\": {},","        \"required\": [","            \"orderId\",","            \"items\",","            \"arrivalDate\",","            \"orderDate\",","            \"orderTotal\",","            \"address\"","        ],","        \"properties\": {","            \"orderId\": {","                \"type\": \"integer\",","            },","            \"items\": {","                \"type\": \"array\",","                \"items\": {","                    \"type\": \"object\",","                    \"required\": [","                        \"itemId\",","                        \"name\",","                        \"price\",","                        \"description\"","                    ],","                    \"properties\": {","                        \"itemId\": {","                            \"type\": \"integer\",","                        },","                        \"name\": {","                            \"type\": \"string\",","                        },","                        \"price\": {","                            \"type\": \"integer\",","                        },","                        \"description\": {","                            \"type\": \"string\",","                        }","                    }","                }","            },","            \"arrivalDate\": {","                \"type\": \"string\",","            },","            \"orderDate\": {","                \"type\": \"string\",","            },","            \"orderTotal\": {","                \"type\": \"integer\",","            },","            \"address\": {","                \"type\": \"string\",","            }","        }","    }","};","","pm.test(\"response has valid schema\",function(){","    pm.expect(tv4.validate(response, responseSchema)).to.be.true;","});"],"type":"text/javascript"}}],"_postman_id":"3a096f19-5874-43b4-a5d8-2d1d5bab09b3","protocolProfileBehavior":{"disableBodyPruning":true},"request":{"auth":{"type":"noauth"},"method":"GET","header":[],"url":{"raw":"{{baseUrl}}/orders?list=10","host":["{{baseUrl}}"],"path":["orders"],"query":[{"key":"list","value":"10","description":"Number of orders to show"}]},"description":"Obtain order details from orders database"},"response":[]},{"name":"Post order details to the database","event":[{"listen":"test","script":{"id":"1a1999b2-5818-4229-af40-41515ec1ff42","exec":["pm.test(\"status code should be 201\", function () {","    pm.response.to.have.status(201);","});","","var response=pm.response.json();","","var responseSchema={","    \"type\": \"object\",","    \"title\": \"Order\",","    \"description\": \"This is an Order object\",","    \"required\": [","        \"orderId\",","        \"items\",","        \"arrivalDate\",","        \"orderDate\",","        \"orderTotal\",","        \"address\"","    ],","    \"properties\": {","        \"orderId\": {","            \"type\": \"integer\"","        },","        \"items\": {","            \"type\": \"array\",","            \"title\": \"Item\",","            \"description\": \"This is an Item object\",","            \"required\": [","                \"itemId\",","                \"name\",","                \"price\",","                \"description\"","            ],","            \"properties\": {","                \"itemId\": {","                    \"type\": \"integer\"","                },","                \"name\": {","                    \"type\": \"string\"","                },","                \"price\": {","                    \"type\": \"integer\"","                },","                \"description\": {","                    \"type\": \"string\"","                }","            }","        },","        \"arrivalDate\": {","            \"type\": \"string\"","        },","        \"orderDate\": {","            \"type\": \"string\"","        },","        \"orderTotal\": {","            \"type\": \"integer\"","        },","        \"address\": {","            \"type\": \"string\"","        }","    }","};","","pm.test(\"response has valid schema\",function(){","    pm.expect(tv4.validate(response, responseSchema)).to.be.true;","});"],"type":"text/javascript"}}],"_postman_id":"62daf8e1-873d-4b76-a059-3e9277431503","protocolProfileBehavior":{"disableBodyPruning":true},"request":{"auth":{"type":"noauth"},"method":"POST","header":[{"key":"Content-Type","value":"application/json"}],"body":{"mode":"raw","raw":"{\n    \"address\": \"<string>\",\n    \"item\": {\n        \"itemId\": 1,\n        \"name\": \"<string>\",\n        \"price\": 2000,\n        \"description\": \"<string>\"\n    }\n}","options":{"raw":{}}},"url":{"raw":"https://fffc2eb4-dbcf-4c6d-bc30-c3cb2e7ecfa6.mock.pstmn.io/orders","protocol":"https","host":["fffc2eb4-dbcf-4c6d-bc30-c3cb2e7ecfa6","mock","pstmn","io"],"path":["orders"]},"description":"Post item order to orders database"},"response":[]},{"name":"Get order details from database","event":[{"listen":"test","script":{"id":"478fec09-2223-4e4e-9b98-afbab9dfa6ec","exec":["pm.test(\"status code should be 200\", function () {","    pm.response.to.have.status(200);","});","","var response=pm.response.json();","","var responseSchema={","    \"type\": \"object\",","    \"title\": \"Order\",","    \"description\": \"This is an Order object\",","    \"required\": [","        \"orderId\",","        \"items\",","        \"arrivalDate\",","        \"orderDate\",","        \"orderTotal\",","        \"address\"","    ],","    \"properties\": {","        \"orderId\": {","            \"type\": \"integer\"","        },","        \"items\": {","            \"type\": \"object\",","            \"title\": \"Item\",","            \"description\": \"This is an Item object\",","            \"required\": [","                \"itemId\",","                \"name\",","                \"price\",","                \"description\"","            ],","            \"properties\": {","                \"itemId\": {","                    \"type\": \"integer\"","                },","                \"name\": {","                    \"type\": \"string\"","                },","                \"price\": {","                    \"type\": \"integer\"","                },","                \"description\": {","                    \"type\": \"string\"","                }","            }","        },","        \"arrivalDate\": {","            \"type\": \"string\"","        },","        \"orderDate\": {","            \"type\": \"string\"","        },","        \"orderTotal\": {","            \"type\": \"integer\"","        },","        \"address\": {","            \"type\": \"string\"","        }","    }","};","","pm.test(\"response has valid schema\",function(){","    pm.expect(tv4.validate(response, responseSchema)).to.be.true;","});"],"type":"text/javascript"}}],"_postman_id":"b95cc2c4-d4b8-4f7b-9218-a388e7e3b23d","protocolProfileBehavior":{"disableBodyPruning":true},"request":{"auth":{"type":"noauth"},"method":"GET","header":[],"url":{"raw":"{{baseUrl}}/orders/:orderId","host":["{{baseUrl}}"],"path":["orders",":orderId"],"variable":[{"id":"975eff51-f27f-4ee1-82c0-f650a79a768f","key":"orderId","value":"674","type":"string","description":"(Required) "}]},"description":"Obtain item details from the database"},"response":[]}],"_postman_id":"89ab33ea-9e47-4be5-b215-84799c8f0947","_postman_isSubFolder":true},{"name":"Get items from the database","event":[{"listen":"test","script":{"id":"afde1625-fe66-45b9-b2dd-f56ea5e47238","exec":["pm.test(\"status code should be 200\", function () {","    pm.response.to.have.status(200);","});","","var response=pm.response.json();","","var responseSchema={","    \"type\": \"array\",","    \"title\": \"The response schema\",","    \"description\": \"Response should be an array or items.\",","    \"items\": {","        \"$id\": \"#/items\",","        \"type\": \"object\",","        \"title\": \"The Items Schema\",","        \"description\": \"This is what an item looks like\",","        \"required\": [","            \"itemId\",","            \"name\",","            \"price\",","            \"description\"","        ],","        \"properties\": {","            \"itemId\": {","                \"type\": \"integer\"","            },","            \"name\": {","                \"type\": \"string\"","            },","            \"price\": {","                \"type\": \"integer\"","            },","            \"description\": {","                \"type\": \"string\"","            }","        }","    }","};","","pm.test(\"response has valid schema\",function(){","    pm.expect(tv4.validate(response, responseSchema)).to.be.true;","});"],"type":"text/javascript"}}],"_postman_id":"c1d5741c-b5c9-4985-8433-b3b92429dc83","protocolProfileBehavior":{"disableBodyPruning":true},"request":{"auth":{"type":"noauth"},"method":"GET","header":[],"url":{"raw":"{{baseUrl}}/items?list=10","host":["{{baseUrl}}"],"path":["items"],"query":[{"key":"list","value":"10","description":"Number of items to be displayed"}]},"description":"Pull a list of items from item database"},"response":[]},{"name":"Get item details from the database ","event":[{"listen":"test","script":{"id":"e5db371a-00e7-43ac-a3b2-0ebacd564fe0","exec":["pm.test(\"status code should be 200\", function () {","    pm.response.to.have.status(200);","});","","var response=pm.response.json();","","var itemSchema={","    \"type\": \"object\",","    \"title\": \"Item\",","    \"description\": \"This is how an Item in SimpleKart API looks like\",","    \"required\": [","        \"itemId\",","        \"name\",","        \"price\",","        \"description\"","    ],","    \"properties\": {","        \"itemId\": {","            \"type\": \"integer\"","        },","        \"name\": {","            \"type\": \"string\"","        },","        \"price\": {","            \"type\": \"integer\"","        },","        \"description\": {","            \"type\": \"string\"","        }","    }","};","","pm.test(\"response has valid schema\",function(){","    pm.expect(tv4.validate(response, itemSchema)).to.be.true;","});"],"type":"text/javascript"}}],"_postman_id":"8e266022-a6fa-4ee5-b763-3d269f965203","protocolProfileBehavior":{"disableBodyPruning":true},"request":{"auth":{"type":"noauth"},"method":"GET","header":[],"url":{"raw":"{{baseUrl}}/items/:itemId","host":["{{baseUrl}}"],"path":["items",":itemId"],"variable":[{"id":"d9861e7d-29e5-421e-9ed3-17d205baad57","key":"itemId","value":"1657","type":"string","description":"(Required) Id of the item to pull details of"}]},"description":"Obtain item details from item database"},"response":[]}],"_postman_id":"43368d4e-fed5-4c9a-b723-6eb0620a11f4"}],"event":[{"listen":"prerequest","script":{"id":"288cb8e2-bdd3-4ebe-ae54-9ad70607c761","type":"text/javascript","exec":[""]}},{"listen":"test","script":{"id":"f38022f0-1f12-421b-b7f9-5b25661ccaa3","type":"text/javascript","exec":[""]}}]}