{"info":{"_postman_id":"6ec49cf1-52df-41cf-903d-3bcd4d608f59","name":"SimpleKart Security Tests","description":"API for an imaginary E-Commerce store to demonstrate API Builder capabilities in Postman\n\nContact Support:\n Name: Postman Team\n Email: simplekart@postman.com","schema":"https://schema.getpostman.com/json/collection/v2.1.0/collection.json"},"item":[{"name":"items","item":[{"name":"Get items from the database","event":[{"listen":"test","script":{"id":"3eaa5514-92a8-4c42-9bfa-10b758f8fe3b","exec":["var jsonData = pm.response.json();      ","let responseSize = jsonData.length;","console.log(responseSize);","console.log(parseInt(pm.environment.get(\"itemListValue\")))","/* ","    ","    [+] Check for Parameter Tampering: An attacker can manipulate parameters sent in API requests to exploit the backend processing. Conceptually, when the attacker changes the input value from x to y and the server processes it, then the service will be vulnerable to parameter tampering. ","    ","*/","if(responseSize === parseInt(pm.environment.get(\"itemListValue\")))","    pm.test(\"Unexpected number of items fetched\");","else","    pm.test(\"Expected number of items fetched\");","","","/* ","","    [+] Check for HSTS: An attacker can carry out effective pharming, phishing, and man-in-the-middle attacks if the HTTPS server incorrectly implements Strict Transport Security. HSTS prevents visitors from making unencrypted HTTP connections to a server.","","*/","pm.test(\"Strict-Transport-Security is present\", function () {","    pm.response.to.have.header(\"strict-transport-security\");","});","","","/* ","","    [+] Check for Misconfigured CORS: CORS is a header set by the web server. It controls exactly which domains are allowed to send requests to it. A misconfigured CORS can allow a domain controlled by a malicious user to send requests.","","*/","if(pm.response.headers.get(\"Access-Control-Allow-Origin\"))","{ ","    let headerValue = pm.response.headers.get(\"Access-Control-Allow-Origin\");","    if(headerValue === \"*\" || headerValue === pm.environment.get(\"origin\"))","    pm.test(\"Misconfigured Cross-Origin Resource Sharing\");","}",""],"type":"text/javascript"}},{"listen":"prerequest","script":{"id":"7554406a-bc59-4336-ae22-daa8840273af","exec":["let evilValue = pm.environment.get(\"evilValue\");","pm.environment.set(\"itemListValue\", evilValue);","pm.environment.set(\"origin\", \"https://www.evil.com\");"],"type":"text/javascript"}}],"_postman_id":"0359547a-e57f-42e8-bb32-0d61f75d2fdc","protocolProfileBehavior":{"disableBodyPruning":true},"request":{"auth":{"type":"noauth"},"method":"GET","header":[{"key":"Origin","value":"{{origin}}","type":"text"}],"url":{"raw":"https://simplekart.postman.com/items?list={{itemListValue}}","protocol":"https","host":["simplekart","postman","com"],"path":["items"],"query":[{"key":"list","value":"{{itemListValue}}"}]},"description":"Pull a list of items from item database"},"response":[{"id":"550c32be-0e1d-44e6-af5c-87247fc1b9aa","name":"OK - Successful pull of items","originalRequest":{"method":"GET","header":[],"url":{"raw":"{{baseUrl}}/items?list=10","host":["{{baseUrl}}"],"path":["items"],"query":[{"key":"list","value":"10"}]}},"status":"OK","code":200,"_postman_previewlanguage":"json","header":[{"key":"Content-Type","value":"application/json"}],"cookie":[],"responseTime":null,"body":"[\n {\n  \"itemId\": 1657,\n  \"name\": \"Smart WiFi Router\",\n  \"price\": 2096,\n  \"description\": \"Wifi router/wireless router. One of routers for wireless internet, wireless routers for home. Dual band router and gigabit router. Ideal as internet router also gaming router. Long range coverage with high speed. Compatible with all 802.11ac devices and below. 5ghz router/5g router Frequency Range: 2.4GHz and 5GHz; Interface Available: 4 x 10/100/1000Mbps LAN Ports, 1 10/100/1000Mbps WAN Port, 1 USB 2.0 Ports; Protocols Supported: Supports IPv4 and IPv6; System Requirement: Microsoft Windows 98SE NT 2000 XP Vista, or Windows 7 Windows 8/8.1/10, MAC OS NetWare UNIX or Linux; Wireless Standards: IEEE 802.11ac/n/a 5GHz, IEEE 802.11b/g/n 2.4GH\"\n },\n {\n  \"itemId\": 1658,\n  \"name\": \"VR Gaming Headset\",\n  \"price\": 79990,\n  \"description\": \"VR Gaming Headset puts you at the center of virtual reality's most pulse-pounding, PC-powered gameplay. See the action unfold all around you through our sharpest lenses and next-generation optics. Lose yourself in the experience with a comfortable, improved design that lets you start playing faster and keep playing longer. Insight tracking gives you the power to move throughout your playspace in any direction. No external sensors. No complicated setup. Just hands-on action and interaction with our updated Oculus Touch controllers right out of the box. Step into the game and the future of PC VR.\"\n },\n {\n  \"itemId\": 1659,\n  \"name\": \"Classic Loop Top Shaker Bottle, 20-Ounce\",\n  \"price\": 578,\n  \"description\": \"Easy to maintain proper nutrition and hydration on-the-go.The wide mouth makes it easy to add scoops of powdered mixes, meal ingredients, and liquids, and embossed markings show both ounces and milliliters for easy measuring anywhere (note that markings on the 20-ounce capacity shaker cup only go up to 12 ounces). Bottle contents and liquids are securely contained thanks to a tightly threaded screw-on lid that creates a leakproof seal, and a flip cap that snaps securely shut for shaking and transportation.\"\n },\n {\n  \"itemId\": 1660,\n  \"name\": \"4-Port USB 2.0 Hub\",\n  \"price\": 505,\n  \"description\": \"Easily add up to 4 devices with the USB 2.0 Hub. Particularly great for recent notebooks that provide a limited number of USB ports. Achieve full 480 Mbps on each port, or daisy-chain multiple hubs to a maximum of 127 devices.Fully backwards compatible with the USB 1.1 products.\"\n },\n {\n  \"itemId\": 1661,\n  \"name\": \"Wipes Flushable Wet Wipes Dispenser, Mint Chill, 48 Count (Pack of 3)\",\n  \"price\": 938,\n  \"description\": \"For a superior clean that’s fresh, gentle, and effective, choose Wipes with the CleaningRipples Texture. Wipes are 100 percent flushable, remove odor causing bacteria and offer a large, dual layer wipe to clean better than when using dry toilet paper alone.\"\n },\n {\n  \"itemId\": 1662,\n  \"name\": \"Cordless Vacuum Cleaner\",\n  \"price\": 41893,\n  \"description\": \"Twice the suction of any cord-free vacuum. Cord-free cleaning, made easier. Intelligently optimizes suction and run time, to deep clean everywhere. With fade-free battery power and a battery-saving trigger. And real-time reporting on the LCD screen to give you control of your clean. The Dynamic Load Sensor (DLS) system automatically changes the motor speed between carpets and hard floors. For deep cleaning across floor types.\"\n },\n {\n  \"itemId\": 1663,\n  \"name\": \"Hair Dryer\",\n  \"price\": 1400,\n  \"description\": \"Hair dryer is engineered to protect hair from extreme heat damage, with the fastest drying+ and controlled styling to help increase smoothness by 75%, increase shine by up to 132% and decrease frizz and flyaways by up to 61%.\"\n },\n {\n  \"itemId\": 1664,\n  \"name\": \"Business Z27n G2 27 inch LED LCD Monitor\",\n  \"price\": 24485,\n  \"description\": \"Be a productive powerhouse with the sleek QHD HP Z27n G2 27-inch Display. This virtually seamless display is factory-tested for reliability and longevity with integrated color calibration, uninterrupted multi-screen tiling, and expansive device connections, including USB-C™. Multi-screen productivity with no disruptions Streamline multi-tasking on multiple displays with a 3-sided micro-edge bezel, and daisy chain up to 2 displays per workstation with DisplayPort™.\"\n },\n {\n  \"itemId\": 1665,\n  \"name\": \"Smart Watch\",\n  \"price\": 1805,\n  \"description\": \"Built-in Multi-Sports Mode, record your Running, Cycling, Football, Swimming, Table Tennis, Badminton, Climbing, recording your daily sports data.\"\n },\n {\n  \"itemId\": 1666,\n  \"name\": \"Learning Thermostat, 3rd Gen, Smart Thermostat\",\n  \"price\": 15746,\n  \"description\": \"Learning Thermostat is a smart thermostat that learns what temperatures you like, turns itself down when you’re away and connects to your phone. It has a big, sharp display. And it’s proven to help save energy. In independent studies, the Thermostat saved an average of 10% to 12% on heating bills and 15% on cooling bills.\"\n }\n]"}]},{"name":"Get item details from the database ","event":[{"listen":"test","script":{"id":"bac7bfa9-fe35-4984-a095-91c2684da75e","exec":["/* ","","    [+] Check for HSTS: An attacker can carry out effective pharming, phishing, and man-in-the-middle attacks if the HTTPS server incorrectly implements Strict Transport Security. HSTS prevents visitors from making unencrypted HTTP connections to a server.","","*/","pm.test(\"Strict-Transport-Security header is present\", function () {","    pm.response.to.have.header(\"strict-transport-security\");","});","","/* ","","    [+] Check for Misconfigured CORS: CORS is a header set by the web server. It controls exactly which domains are allowed to send requests to it. A misconfigured CORS can allow a domain controlled by a malicious user to send requests.","","*/","if(pm.response.headers.get(\"Access-Control-Allow-Origin\"))","{ ","    let headerValue = pm.response.headers.get(\"Access-Control-Allow-Origin\");","    if(headerValue === \"*\" || headerValue === pm.environment.get(\"origin\"))","    pm.test(\"Misconfigured Cross-Origin Resource Sharing\");","}"],"type":"text/javascript"}},{"listen":"prerequest","script":{"id":"5260e2e0-3711-4778-960c-4b0a28da495f","exec":["pm.environment.set(\"origin\", \"https://www.evil.com\");"],"type":"text/javascript"}}],"_postman_id":"da3331d9-dcd9-4fd0-af79-4c5f9c238d67","protocolProfileBehavior":{"disableBodyPruning":true},"request":{"auth":{"type":"noauth"},"method":"GET","header":[{"key":"Origin","value":"{{origin}}","type":"text"}],"url":{"raw":"https://simplekart.postman.com/items/1657","protocol":"https","host":["simplekart","postman","com"],"path":["items","1657"]},"description":"Obtain item details from item database"},"response":[{"id":"1d69e5f4-aab2-4c11-9c2b-61c40080e1ae","name":"Bad Request - Invalid item ID supplied","originalRequest":{"method":"GET","header":[],"url":{"raw":"{{baseUrl}}/items/:itemId","host":["{{baseUrl}}"],"path":["items",":itemId"],"variable":[{"key":"itemId"}]}},"status":"Bad Request","code":400,"_postman_previewlanguage":"text","header":[{"key":"Content-Type","value":"text/plain"}],"cookie":[],"responseTime":null,"body":""},{"id":"6095e57e-0920-4cc3-b43f-db09ed44d5a4","name":"OK - Successfully obtained order details","originalRequest":{"method":"GET","header":[],"url":{"raw":"{{baseUrl}}/items/:itemId","host":["{{baseUrl}}"],"path":["items",":itemId"],"variable":[{"key":"itemId","value":""}]}},"status":"OK","code":200,"_postman_previewlanguage":"json","header":[{"key":"Content-Type","value":"application/json"}],"cookie":[],"responseTime":null,"body":"{\n    \"itemId\": 1657,\n    \"name\": \"Smart WiFi Router\",\n    \"price\": 2096,\n    \"description\": \"Wifi router/wireless router. One of routers for wireless internet, wireless routers for home. Dual band router and gigabit router. Ideal as internet router also gaming router. Long range coverage with high speed. Compatible with all 802.11ac devices and below. 5ghz router/5g router Frequency Range: 2.4GHz and 5GHz; Interface Available: 4 x 10/100/1000Mbps LAN Ports, 1 10/100/1000Mbps WAN Port, 1 USB 2.0 Ports; Protocols Supported: Supports IPv4 and IPv6; System Requirement: Microsoft Windows 98SE NT 2000 XP Vista, or Windows 7 Windows 8/8.1/10, MAC OS NetWare UNIX or Linux; Wireless Standards: IEEE 802.11ac/n/a 5GHz, IEEE 802.11b/g/n 2.4GH\"\n}"},{"id":"c3f6d553-951b-4ab6-ab7a-451f709bc51a","name":"Not Found - Item not found","originalRequest":{"method":"GET","header":[],"url":{"raw":"{{baseUrl}}/items/:itemId","host":["{{baseUrl}}"],"path":["items",":itemId"],"variable":[{"key":"itemId"}]}},"status":"Not Found","code":404,"_postman_previewlanguage":"text","header":[{"key":"Content-Type","value":"text/plain"}],"cookie":[],"responseTime":null,"body":""}]}],"_postman_id":"38894264-429b-4f26-9a6d-7753c9cc731f"},{"name":"orders","item":[{"name":"Get orders from the database ","event":[{"listen":"test","script":{"id":"40912505-d39f-48f5-8c21-bb910be85229","exec":["var jsonData = pm.response.json();","let responseSize = jsonData.length;","","/* ","    ","    [+] Check for Parameter Tampering: An attacker can manipulate parameters sent in API requests to exploit the backend processing. Conceptually, when the attacker changes the input value from x to y and the server processes it, then the service will be vulnerable to parameter tampering. ","    ","*/","if(responseSize === parseInt(pm.environment.get(\"orderListValue\")))","    pm.test(\"Unexpected number of items fetched\");","else","    pm.test(\"Expected number of items fetched\");","","/* ","","    [+] Check for HSTS: An attacker can carry out effective pharming, phishing, and man-in-the-middle attacks if the HTTPS server incorrectly implements Strict Transport Security. HSTS prevents visitors from making unencrypted HTTP connections to a server.","","*/","pm.test(\"Strict-Transport-Security header is present\", function () {","    pm.response.to.have.header(\"strict-transport-security\");","});","","/* ","","    [+] Check for Misconfigured CORS: CORS is a header set by the web server. It controls exactly which domains are allowed to send requests to it. A misconfigured CORS can allow a domain controlled by a malicious user to send requests.","","*/","if(pm.response.headers.get(\"Access-Control-Allow-Origin\"))","{ ","    let headerValue = pm.response.headers.get(\"Access-Control-Allow-Origin\");","    if(headerValue === \"*\" || headerValue === pm.environment.get(\"origin\"))","    pm.test(\"Misconfigured Cross-Origin Resource Sharing\");","}"],"type":"text/javascript"}},{"listen":"prerequest","script":{"id":"10d904c5-7939-4976-ad39-69b60b84e0f8","exec":["pm.environment.set(\"origin\", \"https://www.evil.com\");","let evilValue = pm.environment.get(\"evilValue\");","pm.environment.set(\"orderListValue\", evilValue);"],"type":"text/javascript"}}],"_postman_id":"72496947-159e-46ef-92ba-b97ecd9c5245","protocolProfileBehavior":{"disableBodyPruning":true},"request":{"auth":{"type":"noauth"},"method":"GET","header":[{"key":"Origin","value":"{{origin}}","type":"text"}],"url":{"raw":"https://simplekart.postman.com/orders?list={{orderListValue}}","protocol":"https","host":["simplekart","postman","com"],"path":["orders"],"query":[{"key":"list","value":"{{orderListValue}}","description":"Number of orders to show"}]},"description":"Obtain order details from orders database"},"response":[{"id":"bd00a867-374d-43ca-a648-a91c0088cc31","name":"OK - Successful pull of orders","originalRequest":{"method":"GET","header":[],"url":{"raw":"{{baseUrl}}/orders?list=10","host":["{{baseUrl}}"],"path":["orders"],"query":[{"key":"list","value":"10"}]}},"status":"OK","code":200,"_postman_previewlanguage":"json","header":[{"key":"Content-Type","value":"application/json"}],"cookie":[],"responseTime":null,"body":"[\n {\n  \"orderId\": 674,\n  \"items\": {\n   \"itemId\": 1657,\n   \"name\": \"Smart WiFi Router\",\n   \"price\": 2096,\n   \"description\": \"Wifi router/wireless router. One of routers for wireless internet, wireless routers for home. Dual band router and gigabit router. Ideal as internet router also gaming router. Long range coverage with high speed. Compatible with all 802.11ac devices and below. 5ghz router/5g router Frequency Range: 2.4GHz and 5GHz; Interface Available: 4 x 10/100/1000Mbps LAN Ports, 1 10/100/1000Mbps WAN Port, 1 USB 2.0 Ports; Protocols Supported: Supports IPv4 and IPv6; System Requirement: Microsoft Windows 98SE NT 2000 XP Vista, or Windows 7 Windows 8/8.1/10, MAC OS NetWare UNIX or Linux; Wireless Standards: IEEE 802.11ac/n/a 5GHz, IEEE 802.11b/g/n 2.4GH\"\n  },\n  \"arrivalDate\": \"2020-03-03T13:07:45.962Z\",\n  \"orderDate\": \"2020-03-01T19:27:26.733Z\",\n  \"orderTotal\": 2096,\n  \"address\": \"95 Tarkiln Hill St.Laurel, MD 20707\"\n },\n {\n  \"orderId\": 675,\n  \"items\": {\n   \"itemId\": 1658,\n   \"name\": \"VR Gaming Headset\",\n   \"price\": 79990,\n   \"description\": \"VR Gaming Headset puts you at the center of virtual reality's most pulse-pounding, PC-powered gameplay. See the action unfold all around you through our sharpest lenses and next-generation optics. Lose yourself in the experience with a comfortable, improved design that lets you start playing faster and keep playing longer. Insight tracking gives you the power to move throughout your playspace in any direction. No external sensors. No complicated setup. Just hands-on action and interaction with our updated Oculus Touch controllers right out of the box. Step into the game and the future of PC VR.\"\n  },\n  \"arrivalDate\": \"2020-03-03T15:00:56.787Z\",\n  \"orderDate\": \"2020-03-02T21:25:22.096Z\",\n  \"orderTotal\": 79990,\n  \"address\": \"7405 Arcadia St.Rockville, MD 20850\"\n },\n {\n  \"orderId\": 676,\n  \"items\": {\n   \"itemId\": 1665,\n   \"name\": \"Smart Watch\",\n   \"price\": 1805,\n   \"description\": \"Built-in Multi-Sports Mode, record your Running, Cycling, Football, Swimming, Table Tennis, Badminton, Climbing, recording your daily sports data.\"\n  },\n  \"arrivalDate\": \"2020-03-05T17:30:15.156Z\",\n  \"orderDate\": \"2020-03-03T01:10:27.512Z\",\n  \"orderTotal\": 1805,\n  \"address\": \"9791 Lawrence Dr.Marlton, NJ 08053r\"\n },\n {\n  \"orderId\": 677,\n  \"items\": {\n   \"itemId\": 1659,\n   \"name\": \"Classic Loop Top Shaker Bottle, 20-Ounce\",\n   \"price\": 578,\n   \"description\": \"Easy to maintain proper nutrition and hydration on-the-go.The wide mouth makes it easy to add scoops of powdered mixes, meal ingredients, and liquids, and embossed markings show both ounces and milliliters for easy measuring anywhere (note that markings on the 20-ounce capacity shaker cup only go up to 12 ounces). Bottle contents and liquids are securely contained thanks to a tightly threaded screw-on lid that creates a leakproof seal, and a flip cap that snaps securely shut for shaking and transportation.\"\n  },\n  \"arrivalDate\": \"2020-03-03T18:16:24.911Z\",\n  \"orderDate\": \"2020-03-01T06:09:23.007Z\",\n  \"orderTotal\": 578,\n  \"address\": \"822 Clay St.Tampa, FL 33604\"\n },\n {\n  \"orderId\": 678,\n  \"items\": {\n   \"itemId\": 1663,\n   \"name\": \"Hair Dryer\",\n   \"price\": 1400,\n   \"description\": \"Hair dryer is engineered to protect hair from extreme heat damage, with the fastest drying+ and controlled styling to help increase smoothness by 75%, increase shine by up to 132% and decrease frizz and flyaways by up to 61%.\"\n  },\n  \"arrivalDate\": \"2020-03-04T12:09:07.955Z\",\n  \"orderDate\": \"2020-03-02T21:50:44.173Z\",\n  \"orderTotal\": 1400,\n  \"address\": \"7444 SW. State Ave.Philadelphia, PA 19111\"\n },\n {\n  \"orderId\": 679,\n  \"items\": {\n   \"itemId\": 1660,\n   \"name\": \"4-Port USB 2.0 Hub\",\n   \"price\": 505,\n   \"description\": \"Easily add up to 4 devices with the USB 2.0 Hub. Particularly great for recent notebooks that provide a limited number of USB ports. Achieve full 480 Mbps on each port, or daisy-chain multiple hubs to a maximum of 127 devices.Fully backwards compatible with the USB 1.1 products.\"\n  },\n  \"arrivalDate\": \"2020-03-04T11:29:56.99Z\",\n  \"orderDate\": \"2020-03-03T00:51:26.19Z\",\n  \"orderTotal\": 505,\n  \"address\": \"307 Purple Finch Ave.New Lenox, IL 60451\"\n },\n {\n  \"orderId\": 680,\n  \"items\": {\n   \"itemId\": 1661,\n   \"name\": \"Wipes Flushable Wet Wipes Dispenser, Mint Chill, 48 Count (Pack of 3)\",\n   \"price\": 938,\n   \"description\": \"For a superior clean that’s fresh, gentle, and effective, choose Wipes with the CleaningRipples Texture. Wipes are 100 percent flushable, remove odor causing bacteria and offer a large, dual layer wipe to clean better than when using dry toilet paper alone.\"\n  },\n  \"arrivalDate\": \"2020-03-04T02:06:58.886Z\",\n  \"orderDate\": \"2020-03-02T04:33:52.652Z\",\n  \"orderTotal\": 938,\n  \"address\": \"946 Holly StreetHamilton, OH 45011\"\n },\n {\n  \"orderId\": 681,\n  \"items\": {\n   \"itemId\": 1663,\n   \"name\": \"Hair Dryer\",\n   \"price\": 1400,\n   \"description\": \"Hair dryer is engineered to protect hair from extreme heat damage, with the fastest drying+ and controlled styling to help increase smoothness by 75%, increase shine by up to 132% and decrease frizz and flyaways by up to 61%.\"\n  },\n  \"arrivalDate\": \"2020-03-04T17:26:07.706Z\",\n  \"orderDate\": \"2020-03-02T04:17:23.689Z\",\n  \"orderTotal\": 1400,\n  \"address\": \"8924 East Birchwood St.Hamburg, NY 14075\"\n },\n {\n  \"orderId\": 682,\n  \"items\": {\n   \"itemId\": 1665,\n   \"name\": \"Smart Watch\",\n   \"price\": 1805,\n   \"description\": \"Built-in Multi-Sports Mode, record your Running, Cycling, Football, Swimming, Table Tennis, Badminton, Climbing, recording your daily sports data.\"\n  },\n  \"arrivalDate\": \"2020-03-05T14:07:01.688Z\",\n  \"orderDate\": \"2020-03-03T04:58:18.504Z\",\n  \"orderTotal\": 1805,\n  \"address\": \"10 Wilson LaneBay City, MI 48706\"\n },\n {\n  \"orderId\": 683,\n  \"items\": {\n   \"itemId\": 1666,\n   \"name\": \"Learning Thermostat, 3rd Gen, Smart Thermostat\",\n   \"price\": 15746,\n   \"description\": \"Learning Thermostat is a smart thermostat that learns what temperatures you like, turns itself down when you’re away and connects to your phone. It has a big, sharp display. And it’s proven to help save energy. In independent studies, the Thermostat saved an average of 10% to 12% on heating bills and 15% on cooling bills.\"\n  },\n  \"arrivalDate\": \"2020-03-05T10:43:23.713Z\",\n  \"orderDate\": \"2020-03-03T08:34:21.21Z\",\n  \"orderTotal\": 15746,\n  \"address\": \"m81 West Shirley Dr.Greenfield, IN 46140\"\n }\n]"}]},{"name":"Post order details to the database","event":[{"listen":"test","script":{"id":"b799fedf-bba3-4f02-b76e-a9e0b01d3827","exec":["var jsonData = pm.response.json();","let responseSize = jsonData.length;","","","/* ","","    [+] Check for HSTS: An attacker can carry out effective pharming, phishing, and man-in-the-middle attacks if the HTTPS server incorrectly implements Strict Transport Security. HSTS prevents visitors from making unencrypted HTTP connections to a server.","","*/","pm.test(\"Strict-Transport-Security header is present\", function () {","    pm.response.to.have.header(\"strict-transport-security\");","});","","","/* ","","    [+] Check for Misconfigured CORS: CORS is a header set by the web server. It controls exactly which domains are allowed to send requests to it. A misconfigured CORS can allow a domain controlled by a malicious user to send requests.","","*/","if(pm.response.headers.get(\"Access-Control-Allow-Origin\"))","{ ","    let headerValue = pm.response.headers.get(\"Access-Control-Allow-Origin\");","    if(headerValue === \"*\" || headerValue === pm.environment.get(\"origin\"))","    pm.test(\"Misconfigured Cross-Origin Resource Sharing\");","}"],"type":"text/javascript"}},{"listen":"prerequest","script":{"id":"0f35b1b4-c7f4-4117-bfb7-919a5e6cb50e","exec":["pm.environment.set(\"origin\", \"https://www.evil.com\");",""],"type":"text/javascript"}}],"_postman_id":"56268406-1ec3-4924-b83b-88941de2f95c","protocolProfileBehavior":{"disableBodyPruning":true},"request":{"auth":{"type":"noauth"},"method":"POST","header":[{"key":"Origin","value":"{{origin}}"},{"key":"Content-Type","value":"application/json","type":"text"}],"body":{"mode":"raw","raw":"{\n    \"address\": \"<string>\",\n    \"item\": {\n        \"itemId\": 1,\n        \"name\": \"<string>\",\n        \"price\": 2000,\n        \"description\": \"<string>\"\n    }\n}","options":{"raw":{}}},"url":{"raw":"https://simplekart.postman.com/orders","protocol":"https","host":["simplekart","postman","com"],"path":["orders"]},"description":"Post item order to orders database"},"response":[{"id":"cacc7805-3c4e-455f-b81c-8d006ad8bfac","name":"OK - Order created","originalRequest":{"method":"POST","header":[],"body":{"mode":"raw","raw":"{\n    \"items\": {\n        \"itemId\": 1657,\n        \"name\": \"Smart WiFi Router\",\n        \"price\": 2096,\n        \"description\": \"Wifi router/wireless router. One of routers for wireless internet, wireless routers for home. Dual band router and gigabit router. Ideal as internet router also gaming router. Long range coverage with high speed. Compatible with all 802.11ac devices and below. 5ghz router/5g router Frequency Range: 2.4GHz and 5GHz; Interface Available: 4 x 10/100/1000Mbps LAN Ports, 1 10/100/1000Mbps WAN Port, 1 USB 2.0 Ports; Protocols Supported: Supports IPv4 and IPv6; System Requirement: Microsoft Windows 98SE NT 2000 XP Vista, or Windows 7 Windows 8/8.1/10, MAC OS NetWare UNIX or Linux; Wireless Standards: IEEE 802.11ac/n/a 5GHz, IEEE 802.11b/g/n 2.4GH\"\n    },\n    \"address\": \"95 Tarkiln Hill St.Laurel, MD 20707\"\n}"},"url":{"raw":"{{baseUrl}}/orders","host":["{{baseUrl}}"],"path":["orders"]}},"status":"Created","code":201,"_postman_previewlanguage":"json","header":[{"key":"Content-Type","value":"application/json"}],"cookie":[],"responseTime":null,"body":"{\n \"orderId\": 674,\n \"items\": {\n  \"itemId\": 1657,\n  \"name\": \"Smart WiFi Router\",\n  \"price\": 2096,\n  \"description\": \"Wifi router/wireless router. One of routers for wireless internet, wireless routers for home. Dual band router and gigabit router. Ideal as internet router also gaming router. Long range coverage with high speed. Compatible with all 802.11ac devices and below. 5ghz router/5g router Frequency Range: 2.4GHz and 5GHz; Interface Available: 4 x 10/100/1000Mbps LAN Ports, 1 10/100/1000Mbps WAN Port, 1 USB 2.0 Ports; Protocols Supported: Supports IPv4 and IPv6; System Requirement: Microsoft Windows 98SE NT 2000 XP Vista, or Windows 7 Windows 8/8.1/10, MAC OS NetWare UNIX or Linux; Wireless Standards: IEEE 802.11ac/n/a 5GHz, IEEE 802.11b/g/n 2.4GH\"\n },\n \"arrivalDate\": \"2020-3-04T13:07:45.962Z\",\n \"orderDate\": \"2020-03-06T19:27:26.733Z\",\n \"orderTotal\": 2096,\n \"address\": \"95 Tarkiln Hill St.Laurel, MD 20707\"\n}"}]},{"name":"Get order details from database","event":[{"listen":"test","script":{"id":"bd36543b-ff7d-4387-90f3-2bb2331e31cf","exec":["var jsonData = pm.response.json();","","/* ","","    [+] Check for HSTS: An attacker can carry out effective pharming, phishing, and man-in-the-middle attacks if the HTTPS server incorrectly implements Strict Transport Security. HSTS prevents visitors from making unencrypted HTTP connections to a server.","","*/","pm.test(\"Strict-Transport-Security header is present\", function () {","    pm.response.to.have.header(\"strict-transport-security\");","});","","","/*","","    [+] Check for Broken Access Control: Insecure Direct Object Reference or IDOR occurs when user input is taken and is used to retrieve an internal object such as a file without performing sufficient authorization. Here, the attacker can then make changes in the references to get access to unauthorized data.","    ","*/","","pm.test(\"IDOR: Status code should be 403\", function () {","    pm.response.to.have.status(403);","});","","/* ","","    [+] Check for Misconfigured CORS: CORS is a header set by the web server. It controls exactly which domains are allowed to send requests to it. A misconfigured CORS can allow a domain controlled by a malicious user to send requests.","","*/","if(pm.response.headers.get(\"Access-Control-Allow-Origin\"))","{ ","    let headerValue = pm.response.headers.get(\"Access-Control-Allow-Origin\");","    if(headerValue === \"*\" || headerValue === pm.environment.get(\"origin\"))","    pm.test(\"Misconfigured Cross-Origin Resource Sharing\");","}"],"type":"text/javascript"}},{"listen":"prerequest","script":{"id":"6c363bfe-7061-4bfb-85c3-5c21535ab33d","exec":["let victimOrderID = pm.environment.get(\"victimOrderID\");","pm.environment.set(\"orderID\", victimOrderID);","pm.environment.set(\"origin\", \"https://www.evil.com\");"],"type":"text/javascript"}}],"_postman_id":"54914fdd-e715-45f4-9adf-bb3f1e2ce99c","protocolProfileBehavior":{"disableBodyPruning":true},"request":{"auth":{"type":"noauth"},"method":"GET","header":[{"key":"Origin","value":"{{origin}}","type":"text"}],"url":{"raw":"https://simplekart.postman.com/orders/{{orderID}}","protocol":"https","host":["simplekart","postman","com"],"path":["orders","{{orderID}}"]},"description":"Obtain item details from the database"},"response":[{"id":"541143bb-ba60-4b18-b796-d0be158d47b1","name":"OK - Successfully obtained order details","originalRequest":{"method":"GET","header":[],"url":{"raw":"{{baseUrl}}/orders/:orderId","host":["{{baseUrl}}"],"path":["orders",":orderId"],"variable":[{"key":"orderId","value":"674"}]}},"status":"OK","code":200,"_postman_previewlanguage":"json","header":[{"key":"Content-Type","value":"application/json"}],"cookie":[],"responseTime":null,"body":"{\n \"orderId\": 674,\n \"items\": {\n  \"itemId\": 1657,\n  \"name\": \"Smart WiFi Router\",\n  \"price\": 2096,\n  \"description\": \"Wifi router/wireless router. One of routers for wireless internet, wireless routers for home. Dual band router and gigabit router. Ideal as internet router also gaming router. Long range coverage with high speed. Compatible with all 802.11ac devices and below. 5ghz router/5g router Frequency Range: 2.4GHz and 5GHz; Interface Available: 4 x 10/100/1000Mbps LAN Ports, 1 10/100/1000Mbps WAN Port, 1 USB 2.0 Ports; Protocols Supported: Supports IPv4 and IPv6; System Requirement: Microsoft Windows 98SE NT 2000 XP Vista, or Windows 7 Windows 8/8.1/10, MAC OS NetWare UNIX or Linux; Wireless Standards: IEEE 802.11ac/n/a 5GHz, IEEE 802.11b/g/n 2.4GH\"\n },\n \"arrivalDate\": \"2020-3-04T13:07:45.962Z\",\n \"orderDate\": \"2020-03-06T19:27:26.733Z\",\n \"orderTotal\": 2096,\n \"address\": \"95 Tarkiln Hill St.Laurel, MD 20707\"\n}"},{"id":"d8993080-a4be-44fa-9ceb-d8a4b789f903","name":"Not Found - Order not found","originalRequest":{"method":"GET","header":[],"url":{"raw":"{{baseUrl}}/orders/:orderId","host":["{{baseUrl}}"],"path":["orders",":orderId"],"variable":[{"key":"orderId"}]}},"status":"Not Found","code":404,"_postman_previewlanguage":"text","header":[{"key":"Content-Type","value":"text/plain"}],"cookie":[],"responseTime":null,"body":""},{"id":"f5e553ef-6f9a-4d59-acbc-ef2cec74fc62","name":"Bad Request - Invalid order ID supplied","originalRequest":{"method":"GET","header":[],"url":{"raw":"{{baseUrl}}/orders/:orderId","host":["{{baseUrl}}"],"path":["orders",":orderId"],"variable":[{"key":"orderId","value":"674"}]}},"status":"Bad Request","code":400,"_postman_previewlanguage":"text","header":[{"key":"Content-Type","value":"text/plain"}],"cookie":[],"responseTime":null,"body":""},{"id":"fd81f557-03ec-47f1-9a85-5883180d9c07","name":"403 Forbidden","originalRequest":{"method":"GET","header":[{"key":"Origin","value":"{{origin}}","type":"text"}],"url":{"raw":"https://simplekart.postman-beta.com/orders/70938243034498","protocol":"https","host":["simplekart","postman-beta","com"],"path":["orders","70938243034498"]}},"status":"Forbidden","code":403,"_postman_previewlanguage":"json","header":[{"key":"Cache-Control","value":"no-cache, no-store, max-age=0, must-revalidate"},{"key":"Content-Type","value":"application/json;charset=UTF-8"},{"key":"Date","value":"Mon, 06 Apr 2020 05:37:48 GMT"},{"key":"Expires","value":"0"},{"key":"Pragma","value":"no-cache"},{"key":"Server","value":"nginx"},{"key":"Strict-Transport-Security","value":"max-age=31536000 ; includeSubDomains"},{"key":"WWW-Authenticate","value":"Basic realm=\"Realm\""},{"key":"X-Content-Type-Options","value":"nosniff"},{"key":"X-Frame-Options","value":"DENY"},{"key":"X-XSS-Protection","value":"1; mode=block"},{"key":"Content-Length","value":"120"},{"key":"Connection","value":"keep-alive"}],"cookie":[],"responseTime":null,"body":"{\n    \"status\": 403,\n    \"error\": \"Forbidden\"\n}"}]}],"_postman_id":"f337e749-bc46-4c2f-85a9-2b332c16823b"}],"variable":[{"id":"baseUrl","key":"baseUrl","value":"https://api.simplekart.com","type":"string"}]}