{"info":{"_postman_id":"bc4028f4-9e14-4f55-b98e-a2d1efcf4cb7","name":"SimpleKart","description":"The SimpleKart REST API demonstrates the API Builder capabilities in Postman using an imaginary E-Commerce. It provides endpoints for retrieving items or orders and their details from a database as well as adding order details to a database.\n\n> This API is built on top of a mock server, this means the data is static and can't be edited.\n\n# Getting Started\n\nMake sure that you have the `Prod` environment selected in Postman ([learn more about environments](https://learning.postman.com/docs/postman/variables-and-environments/variables/#environments-in-postman)) and you will be able to start sending request to the SimpleKart API.\n\n# Contact Support\n\n- Name: Postman Team\n- Email: simplekart@postman.com","schema":"https://schema.getpostman.com/json/collection/v2.1.0/collection.json"},"item":[{"name":"Items","item":[{"name":"Get items from the database","_postman_id":"ffec020a-1336-44ab-94ab-db2dbc3810fb","protocolProfileBehavior":{"disableBodyPruning":true},"request":{"auth":{"type":"noauth"},"method":"GET","header":[],"url":{"raw":"{{baseUrl}}/items?list=10","host":["{{baseUrl}}"],"path":["items"],"query":[{"key":"list","value":"10","description":"Number of items to be displayed"}]},"description":"# Get a list of items\n\nYou can use the `/items` endpoint to retrieve a list of items, you can indicate how many items to retrieve by changing the value of the `list` parameter in the query, e.g. to retrieve 3 items you can use\n`{{baseUrl}}/items?list=3`. "},"response":[{"id":"da38c001-6c89-4b86-84c4-6b1e180edd4a","name":"OK - Successful pull of items","originalRequest":{"method":"GET","header":[],"url":{"raw":"{{baseUrl}}/items?list=10","host":["{{baseUrl}}"],"path":["items"],"query":[{"key":"list","value":"10"}]}},"status":"OK","code":200,"_postman_previewlanguage":"json","header":[{"key":"Content-Type","value":"application/json"}],"cookie":[],"responseTime":null,"body":"[\n    {\n        \"itemId\": 1657,\n        \"name\": \"Smart WiFi Router\",\n        \"price\": 2096,\n        \"description\": \"Wifi router/wireless router. One of routers for wireless internet, wireless routers for home. Dual band router and gigabit router. Ideal as internet router also gaming router. Long range coverage with high speed. Compatible with all 802.11ac devices and below. 5ghz router/5g router Frequency Range: 2.4GHz and 5GHz; Interface Available: 4 x 10/100/1000Mbps LAN Ports, 1 10/100/1000Mbps WAN Port, 1 USB 2.0 Ports; Protocols Supported: Supports IPv4 and IPv6; System Requirement: Microsoft Windows 98SE NT 2000 XP Vista, or Windows 7 Windows 8/8.1/10, MAC OS NetWare UNIX or Linux; Wireless Standards: IEEE 802.11ac/n/a 5GHz, IEEE 802.11b/g/n 2.4GH\"\n    },\n    {\n        \"itemId\": 1658,\n        \"name\": \"VR Gaming Headset\",\n        \"price\": 79990,\n        \"description\": \"VR Gaming Headset puts you at the center of virtual reality's most pulse-pounding, PC-powered gameplay. See the action unfold all around you through our sharpest lenses and next-generation optics. Lose yourself in the experience with a comfortable, improved design that lets you start playing faster and keep playing longer. Insight tracking gives you the power to move throughout your playspace in any direction. No external sensors. No complicated setup. Just hands-on action and interaction with our updated Oculus Touch controllers right out of the box. Step into the game and the future of PC VR.\"\n    },\n    {\n        \"itemId\": 1659,\n        \"name\": \"Classic Loop Top Shaker Bottle, 20-Ounce\",\n        \"price\": 578,\n        \"description\": \"Easy to maintain proper nutrition and hydration on-the-go.The wide mouth makes it easy to add scoops of powdered mixes, meal ingredients, and liquids, and embossed markings show both ounces and milliliters for easy measuring anywhere (note that markings on the 20-ounce capacity shaker cup only go up to 12 ounces). Bottle contents and liquids are securely contained thanks to a tightly threaded screw-on lid that creates a leakproof seal, and a flip cap that snaps securely shut for shaking and transportation.\"\n    },\n    {\n        \"itemId\": 1660,\n        \"name\": \"4-Port USB 2.0 Hub\",\n        \"price\": 505,\n        \"description\": \"Easily add up to 4 devices with the USB 2.0 Hub. Particularly great for recent notebooks that provide a limited number of USB ports. Achieve full 480 Mbps on each port, or daisy-chain multiple hubs to a maximum of 127 devices.Fully backwards compatible with the USB 1.1 products.\"\n    },\n    {\n        \"itemId\": 1661,\n        \"name\": \"Wipes Flushable Wet Wipes Dispenser, Mint Chill, 48 Count (Pack of 3)\",\n        \"price\": 938,\n        \"description\": \"For a superior clean that’s fresh, gentle, and effective, choose Wipes with the CleaningRipples Texture. Wipes are 100 percent flushable, remove odor causing bacteria and offer a large, dual layer wipe to clean better than when using dry toilet paper alone.\"\n    },\n    {\n        \"itemId\": 1662,\n        \"name\": \"Cordless Vacuum Cleaner\",\n        \"price\": 41893,\n        \"description\": \"Twice the suction of any cord-free vacuum. Cord-free cleaning, made easier. Intelligently optimizes suction and run time, to deep clean everywhere. With fade-free battery power and a battery-saving trigger. And real-time reporting on the LCD screen to give you control of your clean. The Dynamic Load Sensor (DLS) system automatically changes the motor speed between carpets and hard floors. For deep cleaning across floor types.\"\n    },\n    {\n        \"itemId\": 1663,\n        \"name\": \"Hair Dryer\",\n        \"price\": 1400,\n        \"description\": \"Hair dryer is engineered to protect hair from extreme heat damage, with the fastest drying+ and controlled styling to help increase smoothness by 75%, increase shine by up to 132% and decrease frizz and flyaways by up to 61%.\"\n    },\n    {\n        \"itemId\": 1664,\n        \"name\": \"Business Z27n G2 27 inch LED LCD Monitor\",\n        \"price\": 24485,\n        \"description\": \"Be a productive powerhouse with the sleek QHD HP Z27n G2 27-inch Display. This virtually seamless display is factory-tested for reliability and longevity with integrated color calibration, uninterrupted multi-screen tiling, and expansive device connections, including USB-C™. Multi-screen productivity with no disruptions Streamline multi-tasking on multiple displays with a 3-sided micro-edge bezel, and daisy chain up to 2 displays per workstation with DisplayPort™.\"\n    },\n    {\n        \"itemId\": 1665,\n        \"name\": \"Smart Watch\",\n        \"price\": 1805,\n        \"description\": \"Built-in Multi-Sports Mode, record your Running, Cycling, Football, Swimming, Table Tennis, Badminton, Climbing, recording your daily sports data.\"\n    },\n    {\n        \"itemId\": 1666,\n        \"name\": \"Learning Thermostat, 3rd Gen, Smart Thermostat\",\n        \"price\": 15746,\n        \"description\": \"Learning Thermostat is a smart thermostat that learns what temperatures you like, turns itself down when you’re away and connects to your phone. It has a big, sharp display. And it’s proven to help save energy. In independent studies, the Thermostat saved an average of 10% to 12% on heating bills and 15% on cooling bills.\"\n    },\n    {\n        \"itemId\": 16247,\n        \"name\": \"Postman Merch\",\n        \"price\": 15,\n        \"description\": \"Official Merch for the Postman community.\"\n    }\n]"}]},{"name":"Get item details from the database ","_postman_id":"d879a852-9c0d-4d4e-a820-1a2c6054b1be","protocolProfileBehavior":{"disableBodyPruning":true},"request":{"auth":{"type":"noauth"},"method":"GET","header":[],"url":{"raw":"{{baseUrl}}/items/:itemId","host":["{{baseUrl}}"],"path":["items",":itemId"],"variable":[{"id":"b42e19a7-ff40-4535-ba90-8e390adf2bdc","key":"itemId","value":"","type":"string"}]},"description":"# Get details of an item\n\nYou can retrieve the details of a single item that you know the id of by adding the `itemId` as a path variable, e.g. `{{baseUrl}}/items/1657`.\n\nAn item is represented as such:\n```\n{\n  \"itemId\": 1010,\n  \"name\": \"Item\",\n  \"price\": 10,\n  \"description\": \"Long description of the item\"\n}\n```"},"response":[{"id":"2b16b622-abed-4489-b709-9acd4f2aeae0","name":"OK - Successfully obtained order details","originalRequest":{"method":"GET","header":[],"url":{"raw":"{{baseUrl}}/items/:itemId","host":["{{baseUrl}}"],"path":["items",":itemId"],"variable":[{"key":"itemId","value":""}]}},"status":"OK","code":200,"_postman_previewlanguage":"json","header":[{"key":"Content-Type","value":"application/json"}],"cookie":[],"responseTime":null,"body":"{\n    \"itemId\": 1657,\n    \"name\": \"Smart WiFi Router\",\n    \"price\": 2096,\n    \"description\": \"Wifi router/wireless router. One of routers for wireless internet, wireless routers for home. Dual band router and gigabit router. Ideal as internet router also gaming router. Long range coverage with high speed. Compatible with all 802.11ac devices and below. 5ghz router/5g router Frequency Range: 2.4GHz and 5GHz; Interface Available: 4 x 10/100/1000Mbps LAN Ports, 1 10/100/1000Mbps WAN Port, 1 USB 2.0 Ports; Protocols Supported: Supports IPv4 and IPv6; System Requirement: Microsoft Windows 98SE NT 2000 XP Vista, or Windows 7 Windows 8/8.1/10, MAC OS NetWare UNIX or Linux; Wireless Standards: IEEE 802.11ac/n/a 5GHz, IEEE 802.11b/g/n 2.4GH\"\n}"},{"id":"33a9ed44-d782-4fc0-aa02-9eeec99c3acf","name":"Get item details from the database - Postman Merch","originalRequest":{"method":"GET","header":[],"url":{"raw":"https://fffc2eb4-dbcf-4c6d-bc30-c3cb2e7ecfa6.mock.pstmn.io/items/:itemId","protocol":"https","host":["fffc2eb4-dbcf-4c6d-bc30-c3cb2e7ecfa6","mock","pstmn","io"],"path":["items",":itemId"],"variable":[{"key":"itemId","value":"16247","description":"(Required) Id of the item to pull details of"}]}},"status":"OK","code":200,"_postman_previewlanguage":"json","header":[{"key":"Content-Type","value":"application/json","description":"","type":"text"}],"cookie":[],"responseTime":null,"body":"{\n    \"itemId\": 16247,\n    \"name\": \"Postman Merch\",\n    \"price\": 15,\n    \"description\": \"Official T-shirt for the Postman community.\"\n}"},{"id":"67d60a91-bd26-4628-bf25-70ad65fa071b","name":"Not Found - Item not found","originalRequest":{"method":"GET","header":[],"url":{"raw":"{{baseUrl}}/items/:itemId","host":["{{baseUrl}}"],"path":["items",":itemId"],"variable":[{"key":"itemId"}]}},"status":"Not Found","code":404,"_postman_previewlanguage":"json","header":[{"key":"Content-Type","value":"text/plain"}],"cookie":[],"responseTime":null,"body":"{\n\t\"error\": {\n\t\t\"message\": \"The item you are looking for, does not exist\"\n\t}\n}"},{"id":"c6752c51-5a71-4486-a4b8-91434b055e7f","name":"Bad Request - Invalid item ID supplied","originalRequest":{"method":"GET","header":[],"url":{"raw":"{{baseUrl}}/items/:itemId","host":["{{baseUrl}}"],"path":["items",":itemId"],"variable":[{"key":"itemId","value":"invalid_id"}]}},"status":"Bad Request","code":400,"_postman_previewlanguage":"json","header":[{"key":"Content-Type","value":"text/plain"}],"cookie":[],"responseTime":null,"body":"{\n\t\"error\": {\n\t\t\"message\": \"Provided Id is invalid\"\n\t}\n}"}]}],"_postman_id":"fe7d8252-5573-4f3a-bcd3-69c5a5d4ca18","description":"You can retrieve a list of items or the details of a single item from the `items` database."},{"name":"Orders","item":[{"name":"Get orders from the database ","_postman_id":"742d4046-2855-46e3-99b5-e1bc894f71da","protocolProfileBehavior":{"disableBodyPruning":true},"request":{"auth":{"type":"noauth"},"method":"GET","header":[],"url":{"raw":"{{baseUrl}}/orders?list=10","host":["{{baseUrl}}"],"path":["orders"],"query":[{"key":"list","value":"10","description":"Number of orders to show"}]},"description":"## Get a list of orders\n\nYou can use the `/orders` endpoint to retrieve a list of orders, you can indicate how many orders to show by changing the value of the `list` parameter in the query, e.g. to display only 3 orders you can use\n`{{baseUrl}}/orders?list=3`."},"response":[{"id":"3b04aadf-1d12-4726-9d94-cf5fb131bcf6","name":"OK - Successful pull of orders","originalRequest":{"method":"GET","header":[],"url":{"raw":"{{baseUrl}}/orders?list=10","host":["{{baseUrl}}"],"path":["orders"],"query":[{"key":"list","value":"10"}]}},"status":"OK","code":200,"_postman_previewlanguage":"json","header":[{"key":"Content-Type","value":"application/json"}],"cookie":[],"responseTime":null,"body":"[\n  {\n    \"orderId\": 674,\n    \"items\": [\n      {\n        \"itemId\": 1657,\n        \"name\": \"Smart WiFi Router\",\n        \"price\": 2096,\n        \"description\": \"Wifi router/wireless router. One of routers for wireless internet, wireless routers for home. Dual band router and gigabit router. Ideal as internet router also gaming router. Long range coverage with high speed. Compatible with all 802.11ac devices and below. 5ghz router/5g router Frequency Range: 2.4GHz and 5GHz; Interface Available: 4 x 10/100/1000Mbps LAN Ports, 1 10/100/1000Mbps WAN Port, 1 USB 2.0 Ports; Protocols Supported: Supports IPv4 and IPv6; System Requirement: Microsoft Windows 98SE NT 2000 XP Vista, or Windows 7 Windows 8/8.1/10, MAC OS NetWare UNIX or Linux; Wireless Standards: IEEE 802.11ac/n/a 5GHz, IEEE 802.11b/g/n 2.4GH\"\n      }\n    ],\n    \"arrivalDate\": \"2020-03-03T13:07:45.962Z\",\n    \"orderDate\": \"2020-03-01T19:27:26.733Z\",\n    \"orderTotal\": 2096,\n    \"address\": \"95 Tarkiln Hill St.Laurel, MD 20707\"\n  },\n  {\n    \"orderId\": 675,\n    \"items\": [\n      {\n        \"itemId\": 1658,\n        \"name\": \"VR Gaming Headset\",\n        \"price\": 79990,\n        \"description\": \"VR Gaming Headset puts you at the center of virtual reality's most pulse-pounding, PC-powered gameplay. See the action unfold all around you through our sharpest lenses and next-generation optics. Lose yourself in the experience with a comfortable, improved design that lets you start playing faster and keep playing longer. Insight tracking gives you the power to move throughout your playspace in any direction. No external sensors. No complicated setup. Just hands-on action and interaction with our updated Oculus Touch controllers right out of the box. Step into the game and the future of PC VR.\"\n      }\n    ],\n    \"arrivalDate\": \"2020-03-03T15:00:56.787Z\",\n    \"orderDate\": \"2020-03-02T21:25:22.096Z\",\n    \"orderTotal\": 79990,\n    \"address\": \"7405 Arcadia St.Rockville, MD 20850\"\n  },\n  {\n    \"orderId\": 676,\n    \"items\": [\n      {\n        \"itemId\": 1665,\n        \"name\": \"Smart Watch\",\n        \"price\": 1805,\n        \"description\": \"Built-in Multi-Sports Mode, record your Running, Cycling, Football, Swimming, Table Tennis, Badminton, Climbing, recording your daily sports data.\"\n      }\n    ],\n    \"arrivalDate\": \"2020-03-05T17:30:15.156Z\",\n    \"orderDate\": \"2020-03-03T01:10:27.512Z\",\n    \"orderTotal\": 1805,\n    \"address\": \"9791 Lawrence Dr.Marlton, NJ 08053r\"\n  },\n  {\n    \"orderId\": 677,\n    \"items\": [\n      {\n        \"itemId\": 1659,\n        \"name\": \"Classic Loop Top Shaker Bottle, 20-Ounce\",\n        \"price\": 578,\n        \"description\": \"Easy to maintain proper nutrition and hydration on-the-go.The wide mouth makes it easy to add scoops of powdered mixes, meal ingredients, and liquids, and embossed markings show both ounces and milliliters for easy measuring anywhere (note that markings on the 20-ounce capacity shaker cup only go up to 12 ounces). Bottle contents and liquids are securely contained thanks to a tightly threaded screw-on lid that creates a leakproof seal, and a flip cap that snaps securely shut for shaking and transportation.\"\n      }\n    ],\n    \"arrivalDate\": \"2020-03-03T18:16:24.911Z\",\n    \"orderDate\": \"2020-03-01T06:09:23.007Z\",\n    \"orderTotal\": 578,\n    \"address\": \"822 Clay St.Tampa, FL 33604\"\n  },\n  {\n    \"orderId\": 678,\n    \"items\": [\n      {\n        \"itemId\": 1663,\n        \"name\": \"Hair Dryer\",\n        \"price\": 1400,\n        \"description\": \"Hair dryer is engineered to protect hair from extreme heat damage, with the fastest drying+ and controlled styling to help increase smoothness by 75%, increase shine by up to 132% and decrease frizz and flyaways by up to 61%.\"\n      }\n    ],\n    \"arrivalDate\": \"2020-03-04T12:09:07.955Z\",\n    \"orderDate\": \"2020-03-02T21:50:44.173Z\",\n    \"orderTotal\": 1400,\n    \"address\": \"7444 SW. State Ave.Philadelphia, PA 19111\"\n  },\n  {\n    \"orderId\": 679,\n    \"items\": [\n      {\n        \"itemId\": 1660,\n        \"name\": \"4-Port USB 2.0 Hub\",\n        \"price\": 505,\n        \"description\": \"Easily add up to 4 devices with the USB 2.0 Hub. Particularly great for recent notebooks that provide a limited number of USB ports. Achieve full 480 Mbps on each port, or daisy-chain multiple hubs to a maximum of 127 devices.Fully backwards compatible with the USB 1.1 products.\"\n      }\n    ],\n    \"arrivalDate\": \"2020-03-04T11:29:56.99Z\",\n    \"orderDate\": \"2020-03-03T00:51:26.19Z\",\n    \"orderTotal\": 505,\n    \"address\": \"307 Purple Finch Ave.New Lenox, IL 60451\"\n  },\n  {\n    \"orderId\": 680,\n    \"items\": [\n      {\n        \"itemId\": 1661,\n        \"name\": \"Wipes Flushable Wet Wipes Dispenser, Mint Chill, 48 Count (Pack of 3)\",\n        \"price\": 938,\n        \"description\": \"For a superior clean that’s fresh, gentle, and effective, choose Wipes with the CleaningRipples Texture. Wipes are 100 percent flushable, remove odor causing bacteria and offer a large, dual layer wipe to clean better than when using dry toilet paper alone.\"\n      }\n    ],\n    \"arrivalDate\": \"2020-03-04T02:06:58.886Z\",\n    \"orderDate\": \"2020-03-02T04:33:52.652Z\",\n    \"orderTotal\": 938,\n    \"address\": \"946 Holly StreetHamilton, OH 45011\"\n  },\n  {\n    \"orderId\": 681,\n    \"items\": [\n      {\n        \"itemId\": 1663,\n        \"name\": \"Hair Dryer\",\n        \"price\": 1400,\n        \"description\": \"Hair dryer is engineered to protect hair from extreme heat damage, with the fastest drying+ and controlled styling to help increase smoothness by 75%, increase shine by up to 132% and decrease frizz and flyaways by up to 61%.\"\n      }\n    ],\n    \"arrivalDate\": \"2020-03-04T17:26:07.706Z\",\n    \"orderDate\": \"2020-03-02T04:17:23.689Z\",\n    \"orderTotal\": 1400,\n    \"address\": \"8924 East Birchwood St.Hamburg, NY 14075\"\n  },\n  {\n    \"orderId\": 682,\n    \"items\": [\n      {\n        \"itemId\": 1665,\n        \"name\": \"Smart Watch\",\n        \"price\": 1805,\n        \"description\": \"Built-in Multi-Sports Mode, record your Running, Cycling, Football, Swimming, Table Tennis, Badminton, Climbing, recording your daily sports data.\"\n      }\n    ],\n    \"arrivalDate\": \"2020-03-05T14:07:01.688Z\",\n    \"orderDate\": \"2020-03-03T04:58:18.504Z\",\n    \"orderTotal\": 1805,\n    \"address\": \"10 Wilson LaneBay City, MI 48706\"\n  },\n  {\n    \"orderId\": 683,\n    \"items\": [\n      {\n        \"itemId\": 1666,\n        \"name\": \"Learning Thermostat, 3rd Gen, Smart Thermostat\",\n        \"price\": 15746,\n        \"description\": \"Learning Thermostat is a smart thermostat that learns what temperatures you like, turns itself down when you’re away and connects to your phone. It has a big, sharp display. And it’s proven to help save energy. In independent studies, the Thermostat saved an average of 10% to 12% on heating bills and 15% on cooling bills.\"\n      }\n    ],\n    \"arrivalDate\": \"2020-03-05T10:43:23.713Z\",\n    \"orderDate\": \"2020-03-03T08:34:21.21Z\",\n    \"orderTotal\": 15746,\n    \"address\": \"m81 West Shirley Dr.Greenfield, IN 46140\"\n  },\n  {\n    \"orderId\": 656,\n    \"items\": [\n      {\n        \"itemId\": 16247,\n        \"name\": \"Postman Merch\",\n        \"price\": 15,\n        \"description\": \"Official Merch for the Postman community.\"\n      }\n    ],\n    \"arrivalDate\": \"2020-3-04T13:07:45.962Z\",\n    \"orderDate\": \"2020-03-06T19:27:26.733Z\",\n    \"orderTotal\": 15,\n    \"address\": \"SimpleKart HQ, 221B Baker street\"\n  }\n]"}]},{"name":"Post order details to the database","_postman_id":"e0d5d330-0350-4cdb-8f38-c9a5c56298d0","protocolProfileBehavior":{"disableBodyPruning":true},"request":{"auth":{"type":"noauth"},"method":"POST","header":[{"key":"Content-Type","value":"application/json"}],"body":{"mode":"raw","raw":"{\n    \"address\": \"<string>\",\n    \"item\": {\n        \"itemId\": 1,\n        \"name\": \"<string>\",\n        \"price\": 2000,\n        \"description\": \"<string>\"\n    }\n}","options":{"raw":{}}},"url":{"raw":"{{baseUrl}}/orders","host":["{{baseUrl}}"],"path":["orders"]},"description":"## Add an order to the database\n\nYou can send a `POST` request to the `/orders` endpoint to create a new order and add it to the `orders` database. Open the body tab, edit the JSON object to match the item you want to add an order of, then click `Send`.\n\n![Add order](https://user-images.githubusercontent.com/5029719/76755799-6b2df100-677c-11ea-8605-8f8b948de90e.png)\n\n> Since this sample API is built using a mock server, the same object will be added regardless of what you enter."},"response":[{"id":"34e1c82c-5687-435c-8e08-2b8985c2d531","name":"Ok - Postman Merch","originalRequest":{"method":"POST","header":[{"key":"Content-Type","name":"Content-Type","value":"application/json","type":"text"}],"body":{"mode":"raw","raw":"{\n    \"address\": \"SimpleKart HQ, 221B Baker street\",\n    \"items\": [\n        {\n            \"itemId\": 16247,\n            \"name\": \"Postman Merch\",\n            \"price\": 15,\n            \"description\": \"Official T-shirt for the Postman community.\"\n        }\n    ]\n}","options":{"raw":{"language":"json"}}},"url":{"raw":"https://fffc2eb4-dbcf-4c6d-bc30-c3cb2e7ecfa6.mock.pstmn.io/orders","protocol":"https","host":["fffc2eb4-dbcf-4c6d-bc30-c3cb2e7ecfa6","mock","pstmn","io"],"path":["orders"]}},"status":"Created","code":201,"_postman_previewlanguage":"json","header":[{"key":"Content-Type","value":"application/json","description":"","type":"text"}],"cookie":[],"responseTime":null,"body":"{\n    \"orderId\": 656,\n    \"items\": [\n        {\n            \"itemId\": 16247,\n            \"name\": \"Postman Merch\",\n            \"price\": 15,\n            \"description\": \"Official Merch for the Postman community.\"\n        }\n    ],\n    \"arrivalDate\": \"2020-3-04T13:07:45.962Z\",\n    \"orderDate\": \"2020-03-06T19:27:26.733Z\",\n    \"orderTotal\": 15,\n    \"address\": \"SimpleKart HQ, 221B Baker street\"\n}"},{"id":"87fcb4ea-4b35-4e70-9c58-bd57f9c11529","name":"OK - Order created","originalRequest":{"method":"POST","header":[{"key":"Content-Type","name":"Content-Type","value":"application/json","type":"text"}],"body":{"mode":"raw","raw":"{\n    \"items\": [\n        {\n            \"itemId\": 1657,\n            \"name\": \"Smart WiFi Router\",\n            \"price\": 2096,\n            \"description\": \"Wifi router/wireless router. One of routers for wireless internet, wireless routers for home. Dual band router and gigabit router. Ideal as internet router also gaming router. Long range coverage with high speed. Compatible with all 802.11ac devices and below. 5ghz router/5g router Frequency Range: 2.4GHz and 5GHz; Interface Available: 4 x 10/100/1000Mbps LAN Ports, 1 10/100/1000Mbps WAN Port, 1 USB 2.0 Ports; Protocols Supported: Supports IPv4 and IPv6; System Requirement: Microsoft Windows 98SE NT 2000 XP Vista, or Windows 7 Windows 8/8.1/10, MAC OS NetWare UNIX or Linux; Wireless Standards: IEEE 802.11ac/n/a 5GHz, IEEE 802.11b/g/n 2.4GH\"\n        }\n    ],\n    \"address\": \"95 Tarkiln Hill St.Laurel, MD 20707\"\n}","options":{"raw":{"language":"json"}}},"url":{"raw":"{{baseUrl}}/orders","host":["{{baseUrl}}"],"path":["orders"]}},"status":"Created","code":201,"_postman_previewlanguage":"json","header":[{"key":"Content-Type","value":"application/json"}],"cookie":[],"responseTime":null,"body":"{\n    \"orderId\": 674,\n    \"items\": [\n        {\n            \"itemId\": 1657,\n            \"name\": \"Smart WiFi Router\",\n            \"price\": 2096,\n            \"description\": \"Wifi router/wireless router. One of routers for wireless internet, wireless routers for home. Dual band router and gigabit router. Ideal as internet router also gaming router. Long range coverage with high speed. Compatible with all 802.11ac devices and below. 5ghz router/5g router Frequency Range: 2.4GHz and 5GHz; Interface Available: 4 x 10/100/1000Mbps LAN Ports, 1 10/100/1000Mbps WAN Port, 1 USB 2.0 Ports; Protocols Supported: Supports IPv4 and IPv6; System Requirement: Microsoft Windows 98SE NT 2000 XP Vista, or Windows 7 Windows 8/8.1/10, MAC OS NetWare UNIX or Linux; Wireless Standards: IEEE 802.11ac/n/a 5GHz, IEEE 802.11b/g/n 2.4GH\"\n        }\n    ],\n    \"arrivalDate\": \"2020-3-04T13:07:45.962Z\",\n    \"orderDate\": \"2020-03-06T19:27:26.733Z\",\n    \"orderTotal\": 2096,\n    \"address\": \"95 Tarkiln Hill St.Laurel, MD 20707\"\n}"}]},{"name":"Get order details from database","_postman_id":"392f5087-d413-412f-b022-54fb8069d255","protocolProfileBehavior":{"disableBodyPruning":true},"request":{"auth":{"type":"noauth"},"method":"GET","header":[],"url":{"raw":"{{baseUrl}}/orders/:orderId","host":["{{baseUrl}}"],"path":["orders",":orderId"],"variable":[{"id":"bbea0f51-0f5d-40a9-aa73-e7a3fee35828","key":"orderId","value":"","type":"string"}]},"description":"## Get details of an order\n\nYou can retrieve the details of an order that you know the id by adding the order number as a path variable, e.g. `{{baseUrl}}/orders/674`.\n\nAn order is represented as such:\n```json\n{\n  \"orderId\": 10,\n  \"items\": [\n    {\n      \"itemId\": 1010,\n      \"name\": \"Order name\",\n      \"price\": 10,\n      \"description\": \"Long description of the item\"\n    }\n  ],\n  \"arrivalDate\": \"2020-03-05T14:07:01.688Z\",\n  \"orderDate\": \"2020-03-03T04:58:18.504Z\",\n  \"orderTotal\": 10,\n  \"address\": \"Delivery address\"\n}\n```"},"response":[{"id":"1b7bbd92-565d-4640-aa19-fc262ace23e7","name":"Bad Request - Invalid order ID supplied","originalRequest":{"method":"GET","header":[],"url":{"raw":"{{baseUrl}}/orders/:orderId","host":["{{baseUrl}}"],"path":["orders",":orderId"],"variable":[{"key":"orderId","value":"674"}]}},"status":"Bad Request","code":400,"_postman_previewlanguage":"json","header":[{"key":"Content-Type","value":"text/plain"}],"cookie":[],"responseTime":null,"body":"{\n\t\"error\": {\n\t\t\"message\": \"Invalid id is provided.\"\n\t}\n}"},{"id":"67d341ea-d63c-4241-80dd-91a8df6b714b","name":"403 Forbidden","originalRequest":{"method":"GET","header":[],"url":{"raw":"{{baseUrl}}/orders/70938243034498","host":["{{baseUrl}}"],"path":["orders","70938243034498"]}},"status":"Forbidden","code":403,"_postman_previewlanguage":"json","header":[],"cookie":[],"responseTime":null,"body":"{\n\t\"error\":\"Forbidden\"\n}"},{"id":"d2216441-c118-4169-91f1-55de20e7d7d5","name":"OK - Successfully obtained order details","originalRequest":{"method":"GET","header":[],"url":{"raw":"{{baseUrl}}/orders/:orderId","host":["{{baseUrl}}"],"path":["orders",":orderId"],"variable":[{"key":"orderId","value":"674"}]}},"status":"OK","code":200,"_postman_previewlanguage":"json","header":[{"key":"Content-Type","value":"application/json"}],"cookie":[],"responseTime":null,"body":"{\n \"orderId\": 674,\n \"items\": {\n  \"itemId\": 1657,\n  \"name\": \"Smart WiFi Router\",\n  \"price\": 2096,\n  \"description\": \"Wifi router/wireless router. One of routers for wireless internet, wireless routers for home. Dual band router and gigabit router. Ideal as internet router also gaming router. Long range coverage with high speed. Compatible with all 802.11ac devices and below. 5ghz router/5g router Frequency Range: 2.4GHz and 5GHz; Interface Available: 4 x 10/100/1000Mbps LAN Ports, 1 10/100/1000Mbps WAN Port, 1 USB 2.0 Ports; Protocols Supported: Supports IPv4 and IPv6; System Requirement: Microsoft Windows 98SE NT 2000 XP Vista, or Windows 7 Windows 8/8.1/10, MAC OS NetWare UNIX or Linux; Wireless Standards: IEEE 802.11ac/n/a 5GHz, IEEE 802.11b/g/n 2.4GH\"\n },\n \"arrivalDate\": \"2020-3-04T13:07:45.962Z\",\n \"orderDate\": \"2020-03-06T19:27:26.733Z\",\n \"orderTotal\": 2096,\n \"address\": \"95 Tarkiln Hill St.Laurel, MD 20707\"\n}"},{"id":"e2530ba0-bf5f-4884-b7fa-74a764fd5d07","name":"Ok - Postman Merch","originalRequest":{"method":"GET","header":[],"url":{"raw":"{{baseUrl}}/orders/:orderId","host":["{{baseUrl}}"],"path":["orders",":orderId"],"variable":[{"key":"orderId","value":"656"}]}},"status":"OK","code":200,"_postman_previewlanguage":"json","header":[{"key":"Content-Type","value":"application/json","description":"","type":"text"}],"cookie":[],"responseTime":null,"body":"{\n    \"orderId\": 656,\n    \"items\": [\n        {\n            \"itemId\": 16247,\n            \"name\": \"Postman Merch\",\n            \"price\": 15,\n            \"description\": \"Official Merch for the Postman community.\"\n        }\n    ],\n    \"arrivalDate\": \"2020-3-04T13:07:45.962Z\",\n    \"orderDate\": \"2020-03-06T19:27:26.733Z\",\n    \"orderTotal\": 15,\n    \"address\": \"SimpleKart HQ, 221B Baker street\"\n}"},{"id":"ec6195d2-e515-48d1-8ecc-484ba07dffd1","name":"Not Found - Order not found","originalRequest":{"method":"GET","header":[],"url":{"raw":"{{baseUrl}}/orders/:orderId","host":["{{baseUrl}}"],"path":["orders",":orderId"],"variable":[{"key":"orderId","value":"1"}]}},"status":"Not Found","code":404,"_postman_previewlanguage":"json","header":[{"key":"Content-Type","value":"text/plain"}],"cookie":[],"responseTime":null,"body":"{\n\t\"error\": {\n\t\t\"message\": \"The order you are looking for does not exist\"\n\t}\n}"}]}],"_postman_id":"dcd00a16-4c1a-400a-90f7-493627f2135b","description":"You can retrieve a list of orders or the details of a single order from the `orders` database."}],"event":[{"listen":"prerequest","script":{"id":"638918cb-5678-4ca5-ad70-56d23af6d445","type":"text/javascript","exec":[""]}},{"listen":"test","script":{"id":"9511970b-85b6-49d8-ac12-f0ba4b4bd6e4","type":"text/javascript","exec":[""]}}],"variable":[{"id":"0ee689b9-a186-4c49-8ae9-609f37a69bc3","key":"baseUrl","value":"https://api.simplekart.com","type":"string"}]}